"date","ip_growth","inflation","unemployment","fedfunds"
1960-01-01,31.0987081772256,-1.63320882644964,5.2,3.99
1960-02-01,-10.725338098092,1.63320882644964,4.8,3.97
1960-03-01,-10.8220639938446,0,5.4,3.84
1960-04-01,-9.55130608528894,5.29262944479605,5.2,3.92
1960-05-01,-1.36924432831709,1.21806811338239,5.1,3.85
1960-06-01,-15.1811878017213,1.62216989893729,5.4,3.32
1960-07-01,-4.17481583623314,-2.43407791367147,5.5,3.23
1960-08-01,-1.39311184923727,2.43407791367147,5.6,2.98
1960-09-01,-12.6270346595819,0,5.5,2.6
1960-10-01,-1.40949328159987,5.66038785376648,6.1,2.47
1960-11-01,-17.0602846627098,1.20947431706888,6.1,2.44
1960-12-01,-23.1364424306753,1.20825652094041,6.6,1.98
1961-01-01,1.45747799304257,1.2070411746965,6.6,1.45
1961-02-01,-1.45747799304257,0,6.9,2.54
1961-03-01,7.2805295000478,0,6.9,2.02
1961-04-01,24.4137330080619,-1.2070411746965,7,1.49
1961-05-01,18.3447268159336,1.2070411746965,7.1,1.98
1961-06-01,16.6846862033896,0,6.9,1.73
1961-07-01,13.7313929104836,3.21285332485957,7,1.17
1961-08-01,10.8710841477247,0.801871062246917,6.6,2
1961-09-01,-1.3522544238743,1.60213641956322,6.7,1.88
1961-10-01,22.8082941418551,0,6.5,2.26
1961-11-01,18.4625807129931,0,6.1,2.61
1961-12-01,10.4225200866775,1.20020013338866,6,2.33
1962-01-01,-10.4273798520724,1.19900093238989,5.8,2.15
1962-02-01,19.4698269074852,2.79301871725046,5.5,2.37
1962-03-01,6.42354124366733,2.38885281279284,5.6,2.85
1962-04-01,2.5607687270087,1.58993067313258,5.6,2.78
1962-05-01,-1.28207676956151,1.19106709530232,5.5,2.36
1962-06-01,-2.55874791273598,-1.19106709530232,5.5,2.68
1962-07-01,11.4810740214089,0.397153735215561,5.4,2.71
1962-08-01,1.26787377834265,2.38016606958542,5.7,2.93
1962-09-01,7.58860172700704,5.53542991427847,5.6,2.9
1962-10-01,1.25855570059485,-1.57894759622383,5.4,2.9
1962-11-01,5.02572115951505,0,5.7,2.94
1962-12-01,0,0,5.5,2.93
1963-01-01,8.74583641916953,2.36764299102994,5.7,2.92
1963-02-01,13.6198732844225,1.57583738995264,5.9,3
1963-03-01,7.35900905683646,1.18052149215906,5.7,2.98
1963-04-01,10.956832807036,-1.18052149215906,5.7,2.9
1963-05-01,14.4611329565791,1.18052149215906,5.9,3
1963-06-01,3.58821663415174,3.92670507449147,5.6,2.99
1963-07-01,-4.78519314428567,3.13213880918841,5.6,3.02
1963-08-01,2.39276024929627,2.34375074505841,5.4,3.49
1963-09-01,11.9059516724985,-1.17130316766652,5.5,3.48
1963-10-01,8.26399728122738,1.17130316766652,5.5,3.5
1963-11-01,5.86634130455401,1.17016098984752,5.7,3.48
1963-12-01,-2.34135376629734,3.89231609501088,5.5,3.38
1964-01-01,10.508939309676,2.32934398601348,5.6,3.48
1964-02-01,8.11236993548743,-1.16410680107375,5.4,3.48
1964-03-01,0,1.16410680107375,5.4,3.43
1964-04-01,19.4767203378525,0.387784782821932,5.3,3.47
1964-05-01,6.79614318173183,1.16260302974123,5.1,3.5
1964-06-01,3.38578447495799,1.16147774836222,5.2,3.5
1964-07-01,7.86182455150222,0.386909563241922,4.9,3.42
1964-08-01,7.81065271857013,1.15998075731429,5,3.5
1964-09-01,4.43992240918494,1.15886054395062,5.1,3.45
1964-10-01,-16.736141279994,1.5434085728927,5.1,3.36
1964-11-01,36.5169995532279,3.46542836699673,4.8,3.52
1964-12-01,14.0876300440031,1.53698387966728,5,3.85
1965-01-01,12.8560508248484,1.15144739363942,4.9,3.9
1965-02-01,7.43722923176673,0,5.1,3.98
1965-03-01,15.7822719439849,1.1503435934447,4.7,4.05
1965-04-01,5.2136776214466,2.67985435988667,4.8,4.09
1965-05-01,9.33251625392693,3.81801149317944,4.6,4.1
1965-06-01,9.25669047863575,4.9453232139884,4.6,4.05
1965-07-01,11.2197078716619,-1.13942088003629,4.4,4.09
1965-08-01,5.0677832318085,-1.1405038083284,4.4,4.12
1965-09-01,3.02967970603625,2.65949135292445,4.3,4.02
1965-10-01,12.0390945007964,1.13798017063118,4.2,4.08
1965-11-01,4.97993574094018,3.78549209821859,4.1,4.1
1965-12-01,14.8206431096041,3.7735880153658,4,4.32
1966-01-01,11.7290073991791,1.12976628461023,4,4.42
1966-02-01,7.75373689644336,7.50471489155942,3.8,4.6
1966-03-01,16.314854440934,3.73483027910808,3.8,4.66
1966-04-01,1.90281424066736,3.72324220501312,3.8,4.67
1966-05-01,11.3644574010086,2.59941305419389,3.9,4.9
1966-06-01,5.64386435959783,1.11231276309525,3.8,5.17
1966-07-01,6.54997854617143,2.59139388073208,3.8,5.3
1966-08-01,0.931810191947235,7.37329508680933,3.8,5.53
1966-09-01,11.1393699404466,3.66972763058477,3.7,5.4
1966-10-01,8.28378177932532,3.6585394192306,3.7,5.53
1966-11-01,-8.28721242384365,1.09539030883123,3.6,5.76
1966-12-01,2.76876807623303,1.45896674506822,3.8,5.4
1967-01-01,5.64790484383089,-0.729261645051871,3.9,4.94
1967-02-01,-13.6874168641773,3.64188443418509,3.8,5
1967-03-01,-6.78314432917322,0,3.8,4.53
1967-04-01,11.2645793762582,3.63086509984463,3.8,4.05
1967-05-01,-10.5163114536294,0,3.8,3.94
1967-06-01,-0.14892355132492,7.22893752405671,3.9,3.98
1967-07-01,-2.73585991903911,3.59820359550778,3.8,3.79
1967-08-01,22.7739920304264,3.58744661803954,3.8,3.9
1967-09-01,-1.94992841466846,3.57675376576552,3.8,3.99
1967-10-01,9.73164731960239,3.5661244669889,4,3.88
1967-11-01,17.0429631672659,7.10061243370603,3.9,4.13
1967-12-01,12.8530167542888,3.5346122757085,3.8,4.51
1968-01-01,-1.29135079981353,3.52423160797137,3.7,4.61
1968-02-01,4.29142654008938,3.51391173490647,3.8,4.71
1968-03-01,3.74121914477339,3.5036521240011,3.7,5.05
1968-04-01,1.73514476785481,3.49345224895039,3.5,5.76
1968-05-01,13.3864735345657,3.48331158955393,3.5,6.12
1968-06-01,4.40011277578289,6.93643549859893,3.7,6.07
1968-07-01,-1.84220130713904,6.89657070668179,3.7,6.03
1968-08-01,3.34295793239932,3.43347873723836,3.5,6.03
1968-09-01,4.53602758222225,3.42368277888774,3.4,5.78
1968-10-01,2.38186395327027,6.81820016091734,3.4,5.91
1968-11-01,15.4217556802415,3.39462744057322,3.4,5.82
1968-12-01,3.78364239818332,6.76058126190746,3.4,6.02
1969-01-01,7.23684161314875,3.36606111312996,3.4,6.3
1969-02-01,7.65487003882424,3.35664554527337,3.4,6.61
1969-03-01,9.37362864314792,10.0139663186168,3.4,6.79
1969-04-01,-4.42153789855801,6.62985111836392,3.4,7.41
1969-05-01,-4.54694434264855,3.30124004626811,3.4,8.67
1969-06-01,11.6685351261783,6.57535891755039,3.5,8.9
1969-07-01,6.31854971191341,6.53952572107794,3.5,8.61
1969-08-01,2.75336370334482,3.2564470459155,3.5,9.19
1969-09-01,-0.269538340154085,6.48650228028949,3.7,9.15
1969-10-01,0.352225467664447,6.45162844365608,3.7,9
1969-11-01,-11.3660931020872,6.41712759191471,3.5,8.85
1969-12-01,-3.22570021160971,6.38299377311977,3.5,8.97
1970-01-01,-22.4279861602518,6.34922116129903,3.9,8.98
1970-02-01,-0.789841612621167,6.31580405312935,4.2,8.98
1970-03-01,-1.55909275156425,6.28273686473388,4.4,7.76
1970-04-01,-3.08937571204027,6.25001412856623,4.6,8.1
1970-05-01,-1.39996497448376,3.11284221245565,4.8,7.95
1970-06-01,-3.88782294484162,6.20156419013114,4.9,7.61
1970-07-01,2.94088930816052,3.08880479420726,5,7.21
1970-08-01,-2.14129810009531,3.08087460629505,5.1,6.62
1970-09-01,-8.29893632934127,6.13812080012455,5.4,6.29
1970-10-01,-24.2484187154879,6.10688340896548,5.5,6.2
1970-11-01,-7.28946828108743,6.07596234785603,5.9,5.6
1970-12-01,27.2461219487868,6.04535283594849,6.1,4.9
1971-01-01,9.19434182267338,3.01129392651127,5.9,4.14
1971-02-01,-2.28878983596683,0,5.9,3.72
1971-03-01,-1.29977549430436,3.00375626174212,6,3.71
1971-04-01,6.7205771868144,2.99625623830462,5.9,4.16
1971-05-01,6.07165097423259,5.97016156813641,5.9,4.63
1971-06-01,5.02214521773929,5.94060619182741,5.9,4.91
1971-07-01,-3.48607305014959,2.95931099423257,6,5.31
1971-08-01,-6.98675757961205,2.95203100903496,6.1,5.57
1971-09-01,19.3460385314172,2.94478675387975,6,5.55
1971-10-01,8.95111955505907,2.93757796636775,5.8,5.2
1971-11-01,5.07935624592992,2.93040438666257,6,4.91
1971-12-01,13.7734389118826,2.92326575745747,6,4.14
1972-01-01,28.3526938665149,2.91616182394989,5.8,3.51
1972-02-01,12.0496707536331,5.81114937094558,5.7,3.3
1972-03-01,8.2701790493152,0,5.8,3.83
1972-04-01,11.947294130549,2.89505568646042,5.7,4.17
1972-05-01,0.165867841908884,2.88808803667848,5.7,4.27
1972-06-01,3.1732596933038,2.88115384504586,5.7,4.46
1972-07-01,-1.34150899841394,2.87425287114527,5.6,4.55
1972-08-01,16.6047189988051,2.86738487685785,5.6,4.81
1972-09-01,9.53815244237379,5.71429651229245,5.5,4.87
1972-10-01,15.146630227914,2.84697642435656,5.6,5.05
1972-11-01,14.1036596186051,5.67376943513533,5.3,5.06
1972-12-01,13.2952280490342,2.82685643095082,5.2,5.33
1973-01-01,8.6443414898147,5.63381316504916,4.9,5.94
1973-02-01,17.0342611238798,8.40143455078017,5,6.58
1973-03-01,0.585318714953864,11.1111904953562,4.9,7.09
1973-04-01,-1.76756628990855,8.26639319422231,5,7.12
1973-05-01,8.14991925007895,5.47946157549735,4.9,7.84
1973-06-01,1.61696323594906,8.17256280303216,4.9,8.49
1973-07-01,4.26142577283866,0,4.8,10.4
1973-08-01,-1.64049413189176,21.5252408240007,4.8,10.5
1973-09-01,9.55348376552241,5.3215164814393,4.8,10.78
1973-10-01,10.1089861364574,10.5727556185858,4.6,10.01
1973-11-01,5.43969907243067,7.8688806553906,4.8,10.03
1973-12-01,-3.45212097828949,10.4122128308266,4.9,9.95
1974-01-01,-7.9333151829724,12.8894901976956,5.1,9.65
1974-02-01,-3.80696351954803,12.7525110891431,5.2,8.97
1974-03-01,0.0474967455994957,12.6184127994275,5.1,9.35
1974-04-01,-3.50396845413279,7.50784513716667,5.1,10.51
1974-05-01,9.47094136937761,12.4096245536791,5.1,11.31
1974-06-01,-2.11807579938093,9.83612064501393,5.4,11.93
1974-07-01,2.58271133208456,7.32453952562153,5.5,12.92
1974-08-01,-12.81033112437,14.5163060505942,5.5,12.01
1974-09-01,-0.00265272219017731,16.7166882431363,5.9,11.34
1974-10-01,-3.2726158028046,9.44886771708706,6,10.06
1974-11-01,-40.1790496941883,11.7074099344377,6.6,9.45
1974-12-01,-44.1080406023003,9.28437900258299,7.2,8.53
1975-01-01,-16.8305543038148,9.21309707884124,8.1,7.13
1975-02-01,-27.8437210442585,6.86369840734429,8.1,6.24
1975-03-01,-13.4833381195721,4.55408516226203,8.6,5.54
1975-04-01,2.79727031432753,4.53686740788726,8.8,5.49
1975-05-01,-3.95098545305999,2.26201763492568,9,5.22
1975-06-01,7.52855742950338,9.00567078488095,8.8,5.55
1975-07-01,12.5133579565279,11.1628711947764,8.6,6.1
1975-08-01,11.7478859821896,4.43623425759121,8.4,6.14
1975-09-01,15.3928971670362,8.82356916631046,8.4,6.24
1975-10-01,5.26630113512123,6.57535891755039,8.4,5.82
1975-11-01,1.61179329038408,8.71147201536537,8.3,5.22
1975-12-01,16.2742631740258,6.4923512738968,8.2,5.2
1976-01-01,15.7244655981687,4.3088017568742,7.9,4.87
1976-02-01,11.7107153242076,2.148612928546,7.7,4.77
1976-03-01,2.5921424576989,2.14477268891571,7.6,4.84
1976-04-01,5.93884271663807,2.14094615220155,7.7,4.82
1976-05-01,5.09017743010265,6.40001517043487,7.4,5.29
1976-06-01,1.23164743642388,6.36606267563202,7.6,5.48
1976-07-01,6.81533918272912,6.3324685210123,7.8,5.31
1976-08-01,8.22522190286161,6.29922706337247,7.8,5.29
1976-09-01,4.14126162354158,6.26633277738193,7.6,5.25
1976-10-01,-0.365384316820361,6.23378025252492,7.7,5.02
1976-11-01,18.1528100571217,4.13793513469933,7.8,4.95
1976-12-01,12.9045673373273,6.18027117157851,7.8,4.65
1977-01-01,-8.42674812487783,6.14860439984355,7.5,4.61
1977-02-01,18.8108028584116,12.2034950035548,7.6,4.68
1977-03-01,15.2390861280695,6.05552168114905,7.4,4.69
1977-04-01,11.4762866002641,8.02678578095559,7.2,4.73
1977-05-01,9.4246055224076,3.99334811121044,7,5.35
1977-06-01,9.29617718024289,5.9652152664242,7.2,5.39
1977-07-01,1.53364868103747,5.93570872239049,6.9,5.42
1977-08-01,1.18511135644024,5.90649264651404,7,5.9
1977-09-01,4.93740806920293,3.92157211753918,6.8,6.14
1977-10-01,1.6925529660563,5.85843311677046,6.8,6.47
1977-11-01,2.20517245052232,7.76701740674071,6.8,6.51
1977-12-01,2.14676630591093,5.79244889797863,6.4,6.56
1978-01-01,-17.7941462527146,7.68002621456141,6.4,6.7
1978-02-01,6.41068719350866,5.72793450318905,6.3,6.78
1978-03-01,22.7847830750443,7.59496206197667,6.3,6.79
1978-04-01,24.0887427968849,9.42659992837065,6.1,6.89
1978-05-01,5.58627021805709,11.2150349018854,6,7.36
1978-06-01,7.76168705368097,9.2664553126923,5.9,7.6
1978-07-01,-0.989729927494132,9.19544729468385,6.2,7.81
1978-08-01,4.91449501224395,7.30595864070551,5.9,8.04
1978-09-01,3.03719304587613,10.8762073840165,6,8.45
1978-10-01,8.96505991475234,10.7785155789934,5.8,8.96
1978-11-01,9.22388084699381,7.13226468101773,5.9,9.76
1978-12-01,5.96986179169487,7.09012402339937,6,10.03
1979-01-01,-6.51827813289252,10.5572528442352,5.9,10.07
1979-02-01,5.73665623988777,12.2005408265334,5.9,10.06
1979-03-01,3.91225117936376,12.0777439393681,5.8,10.09
1979-04-01,-14.5049458994171,11.9573943113181,5.8,10.01
1979-05-01,10.8332479933855,13.5212698156117,5.6,10.24
1979-06-01,0.252066590444677,13.3706118638901,5.7,10.29
1979-07-01,-2.00875211554568,13.223274299532,5.7,10.47
1979-08-01,-7.93123597206016,11.4520296562805,6,10.94
1979-09-01,-0.202860055220633,11.3437711725062,5.9,11.43
1979-10-01,8.68290246969163,12.8343469400971,6,13.77
1979-11-01,-1.86047446920039,12.6985311966443,5.9,13.18
1979-12-01,0.804319868939274,14.1270434703209,6,13.78
1980-01-01,6.4728428958249,17.0435402135919,6.3,13.82
1980-02-01,0.324916300512257,15.2868309329158,6.3,14.13
1980-03-01,-4.8945735088882,16.5936019287507,6.3,17.19
1980-04-01,-24.0756515099109,11.925563988159,6.9,17.61
1980-05-01,-29.8902125958987,11.8082133618131,7.5,10.98
1980-06-01,-15.6077266295318,11.6931497696132,7.6,9.47
1980-07-01,-8.4705857801282,1.45366462355732,7.8,9.03
1980-08-01,3.75677431571191,8.68520076027615,7.7,9.61
1980-09-01,19.6389345806283,10.0539187751977,7.5,10.87
1980-10-01,15.1578531471309,11.3879858218176,7.5,12.81
1980-11-01,19.9242093852712,12.6836177876246,7.5,15.85
1980-12-01,7.96160023041956,11.162871194777,7.2,18.9
1981-01-01,-7.71706839634891,11.0599861259082,7.5,19.08
1981-02-01,-5.12441202623499,10.9589802759277,7.4,15.93
1981-03-01,6.09029574345232,8.15405175939397,7.4,14.7
1981-04-01,-5.28779379580069,6.75297223887448,7.2,15.72
1981-05-01,6.85833790982109,8.05372150558341,7.5,18.52
1981-06-01,6.09832084030444,10.6548979693567,7.5,19.1
1981-07-01,7.84048885863857,13.1869458907143,7.2,19.04
1981-08-01,-1.49666894583333,9.14538993728655,7.4,17.82
1981-09-01,-5.79308179349969,11.6568644645678,7.6,15.87
1981-10-01,-9.50056591513864,3.86059314213085,7.9,15.08
1981-11-01,-14.0292994508645,5.12821293285803,8.3,13.31
1981-12-01,-12.8285138314753,3.83182869498668,8.5,12.37
1982-01-01,-25.0343198160026,3.81963187214538,8.6,13.22
1982-02-01,24.1899126253506,3.80751244869231,8.9,14.78
1982-03-01,-7.99955475586902,0,9,14.68
1982-04-01,-11.1302902351321,3.79546969021014,9.3,14.94
1982-05-01,-8.01529814589053,11.3149083466222,9.4,14.45
1982-06-01,-3.12787419942655,13.6859959367882,9.6,14.15
1982-07-01,-3.95043773230643,6.1696794005023,9.8,12.59
1982-08-01,-11.004961002345,2.45901725392308,9.8,10.12
1982-09-01,-2.96247022852594,0,10.1,10.31
1982-10-01,-11.673099319253,4.9029690270963,10.4,9.71
1982-11-01,-3.90456013346601,-1.2238654808943,10.8,9.2
1982-12-01,-8.51947991928856,-3.679103546202,10.8,8.95
1983-01-01,22.1565638385201,2.45398858527253,10.4,8.68
1983-02-01,-7.5539308478314,1.22511496092947,10.4,8.51
1983-03-01,10.0855826446105,1.2238654808943,10.3,8.77
1983-04-01,15.0960723127753,8.53228581900574,10.2,8.8
1983-05-01,7.21814101787803,4.84849144440602,10.1,8.63
1983-06-01,7.32889179046818,2.41691924604126,10.1,8.98
1983-07-01,17.7400945063644,4.81928358586785,9.4,9.37
1983-08-01,14.1107859405739,3.60180360450748,9.5,9.56
1983-09-01,17.3279939261151,3.5910251237457,9.2,9.45
1983-10-01,9.14013838104069,4.7713780555668,8.8,9.48
1983-11-01,5.340121767696,3.5661244669889,8.5,9.34
1983-12-01,6.01048641133861,3.55555815678876,8.3,9.47
1984-01-01,23.7159659095115,8.2555608162437,8,9.56
1984-02-01,5.2609162693253,5.86224907925939,7.8,9.59
1984-03-01,5.86058455656531,3.50365212400163,7.8,9.91
1984-04-01,7.0792714168137,4.65567994270693,7.7,10.29
1984-05-01,6.4954659734175,2.32108389579686,7.4,10.32
1984-06-01,4.39321326013076,2.31660303606986,7.2,11.06
1984-07-01,3.31958340619671,4.61983246253013,7.5,11.23
1984-08-01,1.2356130237432,3.45323979313825,7.5,11.64
1984-09-01,-3.55857723403936,3.44333091354301,7.3,11.3
1984-10-01,-0.132246949269899,4.57579200769729,7.4,9.99
1984-11-01,4.0357770979643,2.28136950842881,7.2,9.43
1984-12-01,0.386580958374338,2.27704053143007,7.3,8.38
1985-01-01,-0.206453880580071,2.27272795208471,7.3,8.35
1985-02-01,3.29681685267538,6.79247096605202,7.2,8.5
1985-03-01,1.81234860866368,5.63116941383122,7.2,8.58
1985-04-01,-2.61433241623727,2.24508952297349,7.3,8.27
1985-05-01,1.74352096995527,2.24089700975476,7.2,7.97
1985-06-01,-0.582352115523221,3.35351871721876,7.4,7.53
1985-07-01,-5.6916929231944,2.23048391355078,7.4,7.88
1985-08-01,3.64465139464851,2.22634572209515,7.1,7.9
1985-09-01,4.05343276262577,2.22222285728826,7.1,7.92
1985-10-01,-3.73760115315029,4.43213800242255,7.1,7.99
1985-11-01,4.21409087280651,5.51725109835495,7,8.05
1985-12-01,11.5005737373512,5.49200043289453,7,8.27
1986-01-01,6.62439524752294,4.3755745836247,6.7,8.14
1986-02-01,-8.45258744574906,-2.1857929540694,7.2,7.86
1986-03-01,-8.57804599631073,-6.58136933059232,7.2,7.48
1986-04-01,1.71921363033256,-4.40771845423313,7.1,6.99
1986-05-01,1.77117944646916,3.30730572237563,7.2,6.85
1986-06-01,-4.84480735455257,4.39560931048462,7.2,6.92
1986-07-01,7.81486371672777,1.09639112240991,7,6.56
1986-08-01,-2.22794063775282,1.09539030883177,6.9,6.17
1986-09-01,3.05936925019488,4.37158953420145,7,5.89
1986-10-01,5.10400866190572,2.17983711167733,7,5.85
1986-11-01,4.79832859794698,2.17588454901723,6.9,6.04
1986-12-01,11.3274469674295,4.33996856422567,6.6,6.91
1987-01-01,-4.19248161888639,6.48066381600039,6.6,6.43
1987-02-01,15.7138941216719,4.30107987337784,6.6,6.1
1987-03-01,1.73663375579842,4.28571884111726,6.6,6.13
1987-04-01,7.57333707736301,5.33571354856122,6.3,6.37
1987-05-01,7.563320115203,3.19007719993216,6.3,6.85
1987-06-01,6.19923516340073,5.29802185094006,6.2,6.73
1987-07-01,8.1564785687597,3.16762172492737,6.1,6.58
1987-08-01,8.97369784540523,5.26085893024195,6,6.73
1987-09-01,4.71812881548814,4.19214400147183,5.9,7.22
1987-10-01,15.880194131049,3.13452507351002,6,7.29
1987-11-01,5.83913525223423,4.16667085289895,5.8,6.69
1987-12-01,6.71105589473164,2.07792259713351,5.7,6.77
1988-01-01,-0.236409946868932,4.14508184170472,5.7,6.83
1988-02-01,5.99912560877058,2.06718397373606,5.7,6.58
1988-03-01,2.95778690993593,3.09411430553332,5.7,6.58
1988-04-01,6.94125481517034,7.18872496458829,5.4,6.87
1988-05-01,-2.42192769982523,3.06774772956118,5.6,7.09
1988-06-01,3.47631287300096,5.09554905774188,5.4,7.51
1988-07-01,0.176293718710241,5.0740033314252,5.4,7.75
1988-08-01,6.0020151338847,5.05263904361222,5.6,8.01
1988-09-01,-3.75556003064794,5.0314539120432,5.4,8.19
1988-10-01,5.16184366873524,4.01002879428312,5.4,8.3
1988-11-01,2.89890670526454,3.99667313659826,5.3,8.35
1988-12-01,5.4231710136925,3.98340614742274,5.3,8.76
1989-01-01,3.53441895897362,4.96073463807356,5.4,9.12
1989-02-01,-5.32199621031673,3.95387507622367,5.2,9.36
1989-03-01,2.99713011549763,5.90649264651404,5,9.85
1989-04-01,-0.179616865972676,8.8055837434954,5.2,9.84
1989-05-01,-6.84155458455606,5.83469544964146,5.2,9.81
1989-06-01,-0.0913034293461124,3.87409537454246,5.3,9.53
1989-07-01,-11.6327516271067,3.86162843304092,5.2,9.24
1989-08-01,11.7007442029834,0,5.2,8.99
1989-09-01,-3.76675990745632,2.88808803667848,5.3,9.02
1989-10-01,-1.61850975410154,5.75540671619166,5.3,8.84
1989-11-01,4.04802292945767,4.77517542177708,5.4,8.55
1989-12-01,6.56307394813105,3.80650596737269,5.4,8.45
1990-01-01,-6.08475932030998,11.3476022904432,5.4,8.23
1990-02-01,10.8487691677915,4.69667918536274,5.3,8.24
1990-03-01,5.96304359009849,5.61185746068205,5.2,8.28
1990-04-01,-3.147900247059,2.79611776994813,5.4,8.26
1990-05-01,3.64428398367487,1.86046548894545,5.4,8.18
1990-06-01,4.06300203234053,7.41315098874864,5.2,8.29
1990-07-01,-2.09864778664048,5.52996370343344,5.5,8.15
1990-08-01,4.18409999640552,10.0725505541622,5.7,8.13
1990-09-01,0.0915013368221196,8.17875184207182,5.9,8.2
1990-10-01,-7.03158377241238,8.12338566629656,5.9,8.11
1990-11-01,-15.3565725177675,2.69562075164842,6.2,7.81
1990-12-01,-8.83991590576052,4.47928851562089,6.3,7.31
1991-01-01,-3.91342929187637,4.46263065448456,6.4,6.91
1991-02-01,-8.89912327803373,0.890538074265379,6.6,6.25
1991-03-01,-6.92524711955009,0,6.8,6.12
1991-04-01,3.16217231293585,2.66765578553603,6.7,5.91
1991-05-01,11.2441807214374,4.43295664817001,6.9,5.78
1991-06-01,9.68449589886546,3.53461227570904,6.9,5.9
1991-07-01,3.3560302386821,1.76340957523102,6.8,5.82
1991-08-01,-0.0136076131354912,3.51906410553369,6.9,5.66
1991-09-01,9.48199074134699,3.50877442972255,6.9,5.45
1991-10-01,-0.65592220595363,1.75054735639115,7,5.21
1991-11-01,-1.9003388466512,5.2363719453286,7,4.81
1991-12-01,-5.8492611714275,3.47826330481382,7.3,4.43
1992-01-01,-6.30151683210656,0.867992804571571,7.3,4.03
1992-02-01,8.44186751074858,2.60021770210805,7.4,4.06
1992-03-01,10.1874264005986,4.32121460831318,7.4,3.98
1992-04-01,9.07376000015603,2.58527927643186,7.4,3.73
1992-05-01,3.9428293977398,2.57972152379082,7.6,3.82
1992-06-01,0.614066995180096,3.43102449605475,7.8,3.76
1992-07-01,10.9979256875178,3.42124251700717,7.7,3.25
1992-08-01,-6.72906549195744,2.55954594016998,7.6,3.3
1992-09-01,3.95173820628187,2.55409816179117,7.6,3.22
1992-10-01,8.07466882175838,5.09194540543945,7.3,3.1
1992-11-01,4.54205375795347,3.38266608770397,7.4,3.09
1992-12-01,2.02499563967997,1.68776399130195,7.4,2.92
1993-01-01,4.59905098469342,4.20905377161382,7.3,3.02
1993-02-01,5.76527265518969,2.51836398830427,7.1,3.03
1993-03-01,-1.048696478842,1.67597792606564,7,3.07
1993-04-01,3.28728600436321,4.17973254338442,7.1,2.96
1993-05-01,-4.54989641025598,3.33333547668282,7.1,3
1993-06-01,2.70317681944015,0.831889114771656,7,3.04
1993-07-01,3.23173979677556,1.66205012719409,6.9,3.06
1993-08-01,-1.44776202339614,2.48876687895532,6.8,3.03
1993-09-01,6.34978597888214,1.65631496274941,6.7,3.09
1993-10-01,8.76438290676376,4.95527201041348,6.8,2.99
1993-11-01,5.47080666389874,3.29218313490109,6.6,3.02
1993-12-01,7.08632501643542,2.46322358129056,6.5,2.96
1994-01-01,3.44841536031382,0,6.6,3.05
1994-02-01,0.699278196332287,3.27645254742848,6.6,3.25
1994-03-01,12.1798687279576,3.2675309501478,6.5,3.34
1994-04-01,7.07536565118332,0.81549442486093,6.4,3.56
1994-05-01,5.50859515025692,2.44316338211839,6.1,4.01
1994-06-01,8.07413962456351,3.24983272425499,6.1,4.25
1994-07-01,1.59540681539809,4.04995321983108,6.1,4.26
1994-08-01,8.01822901551219,4.84197025461519,6,4.47
1994-09-01,3.76865911386233,2.41367831962229,5.9,4.73
1994-10-01,9.61551748542995,0.80348178428693,5.8,4.76
1994-11-01,8.17514754802247,3.20855806128328,5.6,5.29
1994-12-01,12.199711106679,2.40080106755549,5.5,5.45
1995-01-01,2.0406434375257,3.19361465941697,5.6,5.53
1995-02-01,-1.35442476601391,3.18513790184802,5.4,5.92
1995-03-01,1.99236138994436,2.38331756595542,5.4,5.98
1995-04-01,-2.07327094825942,4.75248145931637,5.8,6.05
1995-05-01,5.87868838214263,2.36920116446022,5.6,6.01
1995-06-01,3.9706217186442,2.36453278475928,5.6,6
1995-07-01,-5.02787128812727,1.57377071737237,5.7,5.85
1995-08-01,15.8031875909412,2.35679290159183,5.7,5.74
1995-09-01,4.83021142497506,1.56862767434625,5.6,5.8
1995-10-01,-2.11092889308695,3.13111723633597,5.5,5.76
1995-11-01,3.15840707355903,1.56250022075852,5.6,5.8
1995-12-01,4.15778930770045,1.56046836033994,5.6,5.6
1996-01-01,-6.88809454964101,6.22166008102383,5.6,5.56
1996-02-01,17.4349919117585,2.32483120827212,5.5,5.22
1996-03-01,-1.47005115484866,3.86473764005011,5.5,5.31
1996-04-01,11.8814619126251,4.62131508251744,5.6,5.22
1996-05-01,8.9347003475087,2.3040007077892,5.6,5.24
1996-06-01,9.11205388942093,2.29958550091709,5.3,5.27
1996-07-01,0.184495242851668,2.29518718359927,5.5,5.4
1996-08-01,6.12628234149035,1.52768957615805,5.1,5.22
1996-09-01,7.48755854185745,3.81073676866386,5.2,5.3
1996-10-01,0.355312860021684,3.79867363747337,5.2,5.24
1996-11-01,10.9737422064825,3.78668663857162,5.4,5.31
1996-12-01,7.66397771094738,3.02076937365285,5.4,5.29
1997-01-01,1.90064444864184,2.26059721484866,5.3,5.25
1997-02-01,14.2413801595158,2.2563466378223,5.2,5.19
1997-03-01,7.59129619213219,0.751173733448951,5.2,5.39
1997-04-01,1.40581741844201,0.750703809281106,5.1,5.51
1997-05-01,6.62923317308071,0,4.9,5.5
1997-06-01,5.50252385731653,2.24929775322096,5,5.56
1997-07-01,10.2071311916529,1.4971929577861,4.9,5.52
1997-08-01,11.9459353123023,2.98879357494215,4.8,5.54
1997-09-01,10.9410905478885,2.98136799319373,4.9,5.54
1997-10-01,10.5934199783952,2.23117510822028,4.7,5.5
1997-11-01,9.41314667403397,1.48514870441971,4.6,5.52
1997-12-01,5.09933229950015,0.741885649597052,4.7,5.5
1998-01-01,5.24854113113591,1.48239672959036,4.6,5.56
1998-02-01,1.94098754192176,0,4.6,5.51
1998-03-01,0.421909214550809,0,4.7,5.49
1998-04-01,4.11045981673617,1.48056773871481,4.3,5.45
1998-05-01,7.88365504009398,2.95566651887746,4.4,5.49
1998-06-01,-7.21998634337417,1.47510774567579,4.5,5.56
1998-07-01,-4.6235840322165,2.94478675387921,4.5,5.54
1998-08-01,24.5902812699331,1.46968787507546,4.5,5.55
1998-09-01,-0.638793497952861,0.734169493686565,4.6,5.51
1998-10-01,8.1755989138216,2.93219449497109,4.5,5.07
1998-11-01,-0.910112597438939,1.46341481551353,4.4,4.83
1998-12-01,5.42417951214098,2.19178143124168,4.4,4.68
1999-01-01,5.17349412597419,2.18778547381753,4.3,4.63
1999-02-01,7.27569558041736,0,4.4,4.76
1999-03-01,2.71926322733442,0.728376350132365,4.2,4.81
1999-04-01,2.75518330980766,7.98309566523301,4.3,4.74
1999-05-01,7.56317671006244,0.723109392173527,4.2,4.74
1999-06-01,-0.941613494410376,0,4.3,4.76
1999-07-01,6.92340278161332,5.04960168024553,4.3,4.99
1999-08-01,4.80869179634986,2.8759750135201,4.2,5.07
1999-09-01,-4.85431325454293,5.01643011810948,4.2,5.22
1999-10-01,14.5786606785592,2.14349565775649,4.1,5.2
1999-11-01,5.80281132170946,2.13967367238723,4.1,5.42
1999-12-01,9.22024060217623,2.8469764243571,4,5.3
2000-01-01,-1.64278246237686,3.54924837267916,4,5.45
2000-02-01,3.74211085318876,4.95137749340699,4.1,5.73
2000-03-01,4.2592950356152,7.03814334287785,4,5.85
2000-04-01,7.12149769325663,-0.701959657337525,3.8,6.02
2000-05-01,3.24483846408796,2.10464830331496,4,6.27
2000-06-01,0.468548071658859,6.98895394318626,4,6.53
2000-07-01,-2.34327894430635,3.47927179080294,4,6.54
2000-08-01,-3.27196007130617,0,4.1,6.5
2000-09-01,5.52489962985696,6.23738048834106,3.9,6.52
2000-10-01,-4.67206166124861,2.07194296078477,3.9,6.51
2000-11-01,0.335525369814249,2.0683716697981,3.9,6.51
2000-12-01,-3.9220448643686,2.75229478451884,3.9,6.4
2001-01-01,-5.7250432211081,6.85324535461795,4.2,5.98
2001-02-01,-7.84171816124442,2.73037660456197,4.2,5.49
2001-03-01,-2.46289410629075,0.681624556810334,4.3,5.31
2001-04-01,-4.3156568068067,2.04255368463713,4.4,4.8
2001-05-01,-5.7448137427567,6.10688340896601,4.3,4.21
2001-06-01,-6.35309270080562,2.70422649653206,4.5,3.97
2001-07-01,-7.70976392574347,-2.02759834215271,4.6,3.77
2001-08-01,-1.37812747810884,0,4.9,3.65
2001-09-01,-6.0934512057166,4.72574450416516,5,3.07
2001-10-01,-3.29426334521017,-3.37363168505611,5.3,2.49
2001-11-01,-7.27855210238246,-0.675865971118839,5.5,2.09
2001-12-01,-0.5130117688811,-0.676246847990214,5.7,1.82
2002-01-01,7.95967780940465,2.02759834215271,5.7,1.73
2002-02-01,0.138269619131393,2.02417815777487,5.7,1.74
2002-03-01,8.6547992339078,3.36606111312996,5.7,1.73
2002-04-01,5.84520259881458,5.36613526967251,5.9,1.75
2002-05-01,4.8115541608329,1.33779278069532,5.8,1.75
2002-06-01,9.85802308373742,0.668337527719487,5.8,1.75
2002-07-01,-0.386364767399883,2.66963402653317,5.8,1.73
2002-08-01,-1.3333842282762,3.32871225927072,5.7,1.74
2002-09-01,1.01837843591888,1.99280422216859,5.7,1.75
2002-10-01,-2.50180360432175,2.65193478096322,5.7,1.75
2002-11-01,6.70389110078204,1.98511211523105,5.9,1.34
2002-12-01,-6.69195274910308,1.98183364616789,6,1.24
2003-01-01,10.1824868686791,5.26894370098816,5.8,1.24
2003-02-01,1.42490511351241,6.5538120306261,5.9,1.26
2003-03-01,-3.15836561715379,1.95918410866263,5.9,1.25
2003-04-01,-7.16965837090306,-4.57641524429455,6,1.26
2003-05-01,-0.3273353169714,-1.9666762118522,6.1,1.26
2003-06-01,1.53253765386161,1.31147554037341,6.3,1.22
2003-07-01,6.15016266071855,3.92584864873875,6.2,1.01
2003-08-01,-2.62098938396953,5.21456551140176,6.1,1.03
2003-09-01,7.71210204256683,3.89610731864458,6.1,1.01
2003-10-01,1.47702811010113,-1.29729742364795,6,1.01
2003-11-01,8.01911045903623,0.648824022294647,5.8,1
2003-12-01,0.355135235291826,3.2388683629982,5.7,0.98
2004-01-01,1.82475146284098,5.16407467206399,5.7,1
2004-02-01,7.21716733099278,2.57372752816032,5.6,1.01
2004-03-01,-4.8105070185219,2.56821927884126,5.8,1
2004-04-01,4.44899901096818,1.92256382913278,5.6,1
2004-05-01,8.63730084808481,5.11182881634973,5.6,1
2004-06-01,-9.39940656742628,4.45505682742144,5.6,1.03
2004-07-01,8.9326556204,1.26984138833706,5.5,1.26
2004-08-01,0.805160063241672,0.634417144038935,5.4,1.43
2004-09-01,1.52422122978528,3.79947546966015,5.4,1.61
2004-10-01,10.19437528468,6.30584740603055,5.5,1.76
2004-11-01,2.97642654119308,5.64706924489471,5.4,1.93
2004-12-01,9.52348920112271,0,5.4,2.16
2005-01-01,4.30809493904434,-0.626141417806636,5.3,2.28
2005-02-01,8.6794152753253,5.0000072338154,5.4,2.5
2005-03-01,-1.62261573554119,4.35798144343522,5.2,2.63
2005-04-01,2.5802345325868,3.72285717417817,5.2,2.79
2005-05-01,1.07966463222233,-0.619674684568139,5.1,3
2005-06-01,5.3850349889565,0.619674684568139,5,3.04
2005-07-01,-3.80575954586035,7.41124332067713,5,3.26
2005-08-01,3.90454601587464,7.36575202654279,4.9,3.5
2005-09-01,-23.4765945234553,16.4094732242081,5,3.62
2005-10-01,14.4771952886526,1.80950021721245,5,3.78
2005-11-01,13.4130199457939,-6.0423088387747,5,4
2005-12-01,6.18203227707781,0,4.9,4.16
2006-01-01,1.89192024109879,7.24712821709232,4.7,4.29
2006-02-01,0.505800216405916,0.601956370786638,4.8,4.49
2006-03-01,2.70253759169528,1.80405947283795,4.7,4.59
2006-04-01,3.63849413192483,5.99401845662726,4.7,4.79
2006-05-01,0.304937467693733,3.58209221214487,4.6,4.94
2006-06-01,3.79369105970966,2.97693032851534,4.6,4.99
2006-07-01,-0.615295806638017,6.5233666947119,4.7,5.24
2006-08-01,5.25496665400063,5.31104874822681,4.7,5.25
2006-09-01,-1.99555482832743,-5.90261888591535,4.5,5.25
2006-10-01,-1.37697114735182,-5.3372956778837,4.4,5.25
2006-11-01,-0.504519154004157,0.594206498895744,4.5,5.25
2006-12-01,12.1700965160272,6.51692542216082,4.4,5.24
2007-01-01,-4.06663919317971,1.98948726747901,4.6,5.25
2007-02-01,11.2541631692093,4.64501896024743,4.5,5.26
2007-03-01,2.13433853916349,6.22397699183956,4.4,5.26
2007-04-01,8.04038388210309,3.59540337839839,4.5,5.25
2007-05-01,1.14710576977259,4.94937198830847,4.4,5.25
2007-06-01,0.692217340449375,2.7768866153508,4.6,5.25
2007-07-01,-1.44030805199122,2.1348149600172,4.7,5.26
2007-08-01,2.30884726181877,0.369879840141962,4.6,5.02
2007-09-01,2.66415214130156,5.0743202945263,4.7,4.94
2007-10-01,-3.38887345741767,3.6941932813189,4.7,4.76
2007-11-01,6.38485415605707,9.39379689944815,4.7,4.49
2007-12-01,0.418512847575414,3.4725880835385,5,4.24
2008-01-01,-1.5892480811619,4.13013044060833,5,3.94
2008-02-01,-4.71560507776161,2.8978903649449,4.9,2.98
2008-03-01,-3.66058656129873,4.2859702712942,5.1,2.61
2008-04-01,-7.76754694815089,2.7740483586097,5,2.28
2008-05-01,-7.29144622084021,7.08006248174833,5.4,1.98
2008-06-01,-2.80258478699587,12.5084625565993,5.6,2
2008-07-01,-4.29624487806919,8.53927847220568,5.8,2.01
2008-08-01,-18.9892989667328,-1.78750152995448,6.1,2
2008-09-01,-54.0571206834748,1.02567155960784,6.1,1.81
2008-10-01,11.8707847298957,-10.3627396794696,6.5,0.97
2008-11-01,-15.946383672712,-21.436912911382,6.8,0.39
2008-12-01,-34.3250362246895,-9.92112606489783,7.3,0.16
2009-01-01,-30.3110163841716,3.03308919872016,7.8,0.15
2009-02-01,-7.32500957937745,4.36325067773424,8.3,0.22
2009-03-01,-18.9356347511495,-1.18532464952743,8.7,0.18
2009-04-01,-9.99013807568545,1.20789090263678,9,0.15
2009-05-01,-12.181093116029,1.76449479917693,9.4,0.18
2009-06-01,-4.53112325250125,9.91843182652943,9.5,0.21
2009-07-01,13.4723554189485,-0.357611826186854,9.5,0.16
2009-08-01,13.0887373412978,4.01143174905521,9.6,0.16
2009-09-01,10.5309011609581,2.31483056020352,9.8,0.15
2009-10-01,3.23019797649664,3.59692199830235,10,0.12
2009-11-01,5.19447026611424,4.01159585391717,9.9,0.12
2009-12-01,4.85983201784848,0.624049385757175,9.9,0.12
2010-01-01,13.0087661748579,0.778226251015823,9.8,0.11
2010-02-01,4.49513290931556,-1.14267585209404,9.8,0.13
2010-03-01,8.20003335279083,0.39757589507623,9.9,0.16
2010-04-01,4.06386744003591,0.276016893451114,9.9,0.2
2010-05-01,16.1022380195067,-0.623888597490208,9.6,0.2
2010-06-01,2.21700265110307,-0.502659453273679,9.4,0.18
2010-07-01,4.54781489231877,2.24101039362985,9.4,0.18
2010-08-01,4.38952271555735,1.75235607268682,9.5,0.19
2010-09-01,3.53211031904372,1.93673557278871,9.5,0.19
2010-10-01,-3.40522949411444,4.17095844215432,9.4,0.19
2010-11-01,1.04302146313344,3.03676423108072,9.8,0.19
2010-12-01,11.6853949617337,4.81023772661899,9.3,0.18
2011-01-01,-2.53002736911476,3.8853538569672,9.1,0.17
2011-02-01,-4.77449775472927,3.85118310171038,9,0.16
2011-03-01,12.4187892861656,6.1922536627879,9,0.14
2011-04-01,-3.8825992582133,5.61973925886683,9.1,0.1
2011-05-01,1.44642352251907,3.81199654934363,9,0.09
2011-06-01,3.62437795462363,0,9.1,0.09
2011-07-01,5.89806704080651,3.13993262239656,9,0.07
2011-08-01,8.07413257925838,3.77939674669321,9,0.1
2011-09-01,-0.992907113364794,2.60303214706035,9,0.08
2011-10-01,8.29972390468114,0.809975612370195,8.8,0.07
2011-11-01,-0.103909490309206,2.21537385659367,8.6,0.08
2011-12-01,6.35071428187395,0.285216290362555,8.5,0.07
2012-01-01,7.13586793888581,3.264590588714,8.3,0.08
2012-02-01,3.85260454115013,2.56219804424127,8.3,0.1
2012-03-01,-6.22940978842124,2.50953855767797,8.2,0.13
2012-04-01,8.60131020693906,1.99129291928948,8.2,0.14
2012-05-01,2.7678580038593,-2.48438612433866,8.2,0.16
2012-06-01,0.06635020623591,-0.992045757088889,8.2,0.16
2012-07-01,2.5161410401715,0.346521876601003,8.2,0.16
2012-08-01,-5.14592456364404,6.95126129174781,8.1,0.13
2012-09-01,-0.880752066268897,5.7119038361499,7.8,0.14
2012-10-01,4.16155594702303,3.23179770528021,7.8,0.16
2012-11-01,4.39312635376972,-2.01690740889298,7.7,0.16
2012-12-01,2.84009628071189,-0.145306722775729,7.9,0.16
2013-01-01,0.294135148028829,2.37459571977574,8,0.14
2013-02-01,5.59920621519829,6.49828541874591,7.7,0.15
2013-03-01,4.82458518159135,-3.37905596874286,7.5,0.14
2013-04-01,-1.03601343005266,-2.50819456120865,7.6,0.15
2013-05-01,0.936807880938417,0.496883700946071,7.5,0.11
2013-06-01,2.48734059734623,2.85309542634593,7.5,0.09
2013-07-01,-3.72810245489994,2.3466467846351,7.3,0.09
2013-08-01,6.91855468695692,2.8613347576453,7.2,0.08
2013-09-01,6.08603348529897,0.452248399357913,7.2,0.08
2013-10-01,-0.946849626887314,0.64210543618799,7.2,0.09
2013-11-01,2.80003200927332,2.2113485346928,6.9,0.08
2013-12-01,2.41035805693564,3.16881539203919,6.7,0.09
2014-01-01,-4.27671929384985,2.90549006108982,6.6,0.07
2014-02-01,9.03420724513921,1.32020784924087,6.7,0.07
2014-03-01,11.5663260897737,2.44796776829901,6.7,0.08
2014-04-01,1.16064299561849,2.23494020107537,6.2,0.09
2014-05-01,4.58918516581903,2.28143697808854,6.3,0.09
2014-06-01,4.11157654674277,1.5843123345558,6.1,0.1
2014-07-01,2.66254262159897,1.34982288330114,6.2,0.09
2014-08-01,-2.26780539176907,-0.192016978752463,6.1,0.09
2014-09-01,3.44318370017938,0.085906130744462,5.9,0.09
2014-10-01,0.143203300831374,-0.237520188938944,5.7,0.09
2014-11-01,7.38378162022748,-2.26132150145055,5.8,0.09
2014-12-01,-0.0948813260738035,-3.70725198974924,5.6,0.12
2015-01-01,-9.45507418497229,-7.66883219098453,5.7,0.11
2015-02-01,-7.68708387157808,3.03772426619773,5.5,0.11
2015-03-01,-4.02224701005025,3.22839551589773,5.4,0.11
2015-04-01,-6.56489533379521,1.25032307085853,5.4,0.12
2015-05-01,-5.30739581381212,3.95078364486423,5.6,0.12
2015-06-01,-3.78002221634475,3.31691660605813,5.3,0.13
2015-07-01,7.75209862872934,1.90207548479329,5.2,0.13
2015-08-01,-2.20825289314384,-0.00504130721168394,5.1,0.14
2015-09-01,-3.35396077626626,-2.70014056232668,5,0.14
2015-10-01,-5.81668238343376,1.18679136245561,5,0.12
2015-11-01,-8.86142127802323,1.43268540402133,5.1,0.12
2015-12-01,-5.89934788882296,-1.29135869941983,5,0.24
2016-01-01,6.2718418078969,-0.550258416542704,4.8,0.34
2016-02-01,-6.23791718315978,-1.5966721514836,4.9,0.38
2016-03-01,-8.93707377961981,3.75587161071316,5,0.36
2016-04-01,4.05175867044782,4.58799230785196,5.1,0.37
2016-05-01,-2.72444366382807,2.83356694938561,4.8,0.37
2016-06-01,5.6551061898837,3.3265337208416,4.9,0.38
2016-07-01,1.40568282595552,-0.604593171975765,4.8,0.39
2016-08-01,-1.80986361267976,2.21701689622229,4.9,0.4
2016-09-01,-1.26682930472732,3.14373022172276,5,0.4
2016-10-01,0.18713279783249,2.80793722050667,4.9,0.4
2016-11-01,-5.01649047084776,1.41390396437089,4.7,0.41
2016-12-01,8.17511350722668,3.02560908681855,4.7,0.54
2017-01-01,-3.15862303637893,4.84191050839016,4.7,0.65
2017-02-01,-4.82738315357985,1.90966850795711,4.6,0.66
2017-03-01,7.89268939909995,-0.560772958649025,4.4,0.79
2017-04-01,12.1631238060285,1.48007025739254,4.4,0.9
2017-05-01,1.41964173805107,-0.929133162763307,4.4,0.91
2017-06-01,2.46957634225211,0.78169973286677,4.3,1.04
2017-07-01,-2.87707186671398,0.393115567205982,4.3,1.15
2017-08-01,-4.97660114479217,4.60948697854597,4.4,1.16
2017-09-01,1.23796993152467,6.11207583132902,4.3,1.15
2017-10-01,14.6915415928401,0.929702456549819,4.2,1.15
2017-11-01,2.86755213668144,3.19734553718369,4.2,1.16
2017-12-01,2.34399583631877,2.52560743940826,4.1,1.3
2018-01-01,-0.0224711460138138,5.09318935419358,4,1.41
2018-02-01,2.90592795486333,3.2264038634132,4.1,1.42
2018-03-01,5.86362556126083,0.230812693806826,4,1.51
2018-04-01,13.1502982838057,3.12122527929048,4,1.69
2018-05-01,-10.8547985077788,2.70648533251965,3.8,1.7
2018-06-01,9.28718782074718,1.08088726145752,4,1.82
2018-07-01,1.93568480789175,0.936618980632886,3.8,1.91
2018-08-01,7.73127493172048,2.14287049587796,3.8,1.91
2018-09-01,0.780654329994235,2.47218974198979,3.7,1.95
2018-10-01,-1.32406806778462,2.80421710567929,3.8,2.19
2018-11-01,0.95167742932567,-0.845327975498833,3.8,2.2
2018-12-01,0.294002212251243,0.821590934438632,3.9,2.27
2019-01-01,-7.99826764603004,-0.978374496143175,4,2.4
2019-02-01,-6.57490618807941,3.59611244060787,3.8,2.4
2019-03-01,0.450336591049449,4.52959189971374,3.8,2.41
2019-04-01,-7.03917256939413,4.50315536990793,3.7,2.42
2019-05-01,1.38371801559245,0.296163392808424,3.6,2.39
2019-06-01,0.533126340669554,-0.390198805025932,3.6,2.38
2019-07-01,-5.83272464323912,2.76626053245401,3.7,2.4
2019-08-01,8.19086980188288,1.09722224439501,3.6,2.13
2019-09-01,-4.06733006805808,1.84519594727384,3.5,2.04
2019-10-01,-10.1740351971372,3.38795166485113,3.6,1.83
2019-11-01,6.00811717825529,3.3737600712751,3.6,1.55
2019-12-01,-2.79202139335659,3.48958347317918,3.6,1.55
2020-01-01,-7.89016629605506,2.30378414267669,3.6,1.55
2020-02-01,4.02792174721149,0.569469720955595,3.5,1.58
2020-03-01,-47.8865114412297,-5.44647830748666,4.4,0.65
2020-04-01,-169.706974818547,-9.54201422282175,14.8,0.05
2020-05-01,19.6834974341503,-1.07847473429814,13.2,0.05
2020-06-01,76.1669899101921,5.80294553400194,11,0.08
2020-07-01,44.1445347609601,6.10020056615888,10.2,0.09
2020-08-01,11.6783525175016,4.46927890917905,8.4,0.1
2020-09-01,0.150061118838707,3.14723670860708,7.8,0.09
2020-10-01,9.62090980476766,1.48525145999017,6.9,0.09
2020-11-01,4.23731614919873,2.72586115714226,6.7,0.09
2020-12-01,15.7354261332525,5.20427008351767,6.7,0.09
2021-01-01,6.31743067992474,2.93635754787616,6.4,0.09
2021-02-01,-40.3206923993078,4.06790871935137,6.2,0.08
2021-03-01,34.2789434789402,6.27541446045257,6.1,0.07
2021-04-01,2.10942945278489,7.46312897971464,6.1,0.07
2021-05-01,10.6017094276716,7.9357743556848,5.8,0.06
2021-06-01,4.40170747310908,10.1114250941055,5.9,0.08
2021-07-01,5.43703373407212,5.52495921215232,5.4,0.1
2021-08-01,-2.49471371296082,3.40667055830082,5.1,0.09
2021-09-01,-14.3083500466034,5.4183697199683,4.7,0.08
2021-10-01,16.0151891765356,11.5104613956635,4.5,0.08
2021-11-01,8.10899796259612,10.2357367779291,4.1,0.08
2021-12-01,-3.48852001560758,8.25779835991725,3.9,0.08
2022-01-01,-4.62646681667351,7.23340280462388,4,0.08
2022-02-01,7.4128559243416,8.2830026083677,3.9,0.08
2022-03-01,6.93543034723199,13.3135691905672,3.7,0.2
2022-04-01,0.583343657197588,3.69432901744311,3.7,0.33
2022-05-01,-1.26051985837634,11.3283553135712,3.6,0.77
2022-06-01,-3.74200642736398,14.9793418030029,3.6,1.21
2022-07-01,2.4327419687669,-0.179022496815051,3.5,1.68
2022-08-01,-1.5029709956039,0.748461914741227,3.6,2.33
2022-09-01,2.31831884352651,5.08043758554138,3.5,2.56
2022-10-01,-0.460935295507525,6.69499478717306,3.6,3.08
2022-11-01,-3.53339216487427,3.13274629868445,3.6,3.78
2022-12-01,-14.2144809570301,0.184733391929726,3.5,4.1
2023-01-01,8.85122906619564,6.35994359838818,3.5,4.33
2023-02-01,1.6298562859042,4.10720323860794,3.6,4.57
2023-03-01,4.50933055879084,1.4759537790642,3.5,4.65
2023-04-01,2.75864236166861,4.0643964592249,3.4,4.83
2023-05-01,-3.85079882696076,1.93606221029547,3.6,5.06
2023-06-01,-9.65743776602714,2.68709320181095,3.6,5.08
2023-07-01,9.39702742053186,2.34628079275616,3.5,5.12
2023-08-01,-0.801800313355372,5.78886352636196,3.7,5.33
2023-09-01,2.16149436922493,4.67199191944587,3.7,5.33
2023-10-01,-6.57741484928778,1.63909927073291,3.9,5.33
2023-11-01,4.70862778610837,1.76148536770491,3.7,5.33
2023-12-01,-3.10681327278068,2.30706081380738,3.8,5.33
2024-01-01,-16.5843418627855,3.71386965132636,3.7,5.33
2024-02-01,12.7840140281489,4.9070017543503,3.9,5.33
2024-03-01,2.06234405719279,5.3058586839402,3.9,5.33
2024-04-01,-2.56022865325072,2.60198896896071,3.9,5.33
2024-05-01,7.3943181577782,0.582563354026178,3.9,5.33
2024-06-01,0.36876044244103,-0.502060787977143,4.1,5.33
2024-07-01,-10.9719651792041,2.01081097077278,4.2,5.33
2024-08-01,5.45132684638077,1.88518451661075,4.2,5.33
2024-09-01,-7.4610968623869,2.55727727769717,4.1,5.13
2024-10-01,-4.08154032197459,3.42279204650389,4.1,4.83
2024-11-01,-2.13723001524713,3.40547464296925,4.2,4.64
2024-12-01,12.4413622614732,4.07234215964785,4.1,4.48
2025-01-01,-3.14503753022102,5.11621740653005,4,4.33
2025-02-01,12.3434704690123,2.69823488354071,4.2,4.33
2025-03-01,-0.69931836250241,0.397833188936048,4.2,4.33
2025-04-01,1.03873858123471,1.93848690853926,4.2,4.33
2025-05-01,-1.92861362071461,1.1907846237559,4.3,4.33
2025-06-01,6.08169486536312,3.04646961795356,4.1,4.33
2025-07-01,4.90332462578493,2.73708796671812,4.3,4.33
2025-08-01,-3.17572968585509,4.17191260845975,4.3,4.33
2025-09-01,0.511184127966757,3.53586774567383,4.4,4.22
2025-12-01,6.27908856874804,3.56815100692955,4.4,3.72
2026-01-01,-0.187789084109014,2.04836255853955,4.3,3.64
2026-02-01,8.80971538304856,3.19976705073124,4.4,3.64
2026-03-01,-6.51574245835924,10.3370749270152,4.3,3.64
