"date","inflation_lag1_in_fedfunds_eq","unemployment_lag1_in_fedfunds_eq"
1969-12-01,0.0329341926259046,-0.12926814347032
1970-01-01,0.0327345585153877,-0.140418700675582
1970-02-01,0.0340638395500417,-0.182759324359915
1970-03-01,0.0342369614099525,-0.28881097020662
1970-04-01,0.0337675181236595,-0.292084995177183
1970-05-01,0.0334762967289421,-0.296068697702974
1970-06-01,0.0332463430599525,-0.299690127266171
1970-07-01,0.0328407443111183,-0.292821242292972
1970-08-01,0.0338182363478496,-0.302088471021872
1970-09-01,0.0344004624398307,-0.296259277726992
1970-10-01,0.0347649968342095,-0.276750136037412
1970-11-01,0.0315999829779322,-0.200292201638883
1970-12-01,0.0257089283984208,-0.286872302093208
1971-01-01,0.0209182043697101,-0.230798340466426
1971-02-01,0.0202320161855114,-0.203731746788565
1971-03-01,0.0220738451751806,-0.237804842223226
1971-04-01,0.0242361970962137,-0.197139401252616
1971-05-01,0.0247659957673454,-0.226690333740504
1971-06-01,0.019488206858867,-0.26561373445048
1971-07-01,0.0218374922853017,-0.298939175602431
1971-08-01,0.0205075137496639,-0.314127562064046
1971-09-01,0.0208159810832389,-0.303229798136033
1971-10-01,0.020206100135425,-0.349528479558424
1971-11-01,0.0203349478950468,-0.339456846756812
1971-12-01,0.0203103286342724,-0.360000995875163
1972-01-01,0.0187870683207172,-0.327092482687466
1972-02-01,0.0192580505031804,-0.305793038805264
1972-03-01,0.0238590739970397,-0.314312017911475
1972-04-01,0.0228750378362542,-0.29060659359624
1972-05-01,0.022506717457659,-0.28950739529096
1972-06-01,0.0230122162470814,-0.28318432048397
1972-07-01,0.0231828058641144,-0.272885210555837
1972-08-01,0.0247032835691669,-0.286390227595034
1972-09-01,0.0242055720814801,-0.289556511422979
1972-10-01,0.0253761567975937,-0.314096762582433
1972-11-01,0.02533808554443,-0.316526002291483
1972-12-01,0.0260247845335442,-0.354714452826849
1973-01-01,0.0249966958093326,-0.37180250661398
1973-02-01,0.0260269717649676,-0.418483448090869
1973-03-01,0.0290599355658256,-0.411467273217469
1973-04-01,0.0241659454072406,-0.404462755019045
1973-05-01,0.0274869208774475,-0.40789940603557
1973-06-01,0.0260563914697711,-0.434480598654913
1973-07-01,0.0318155435714512,-0.471297330492589
1973-08-01,0.0416734636101269,-0.467253580537261
1973-09-01,0.0397429289306657,-0.465024019305394
1973-10-01,0.0429248555851042,-0.412302333303279
1973-11-01,0.043451392472295,-0.461691271602096
1973-12-01,0.0434749361882155,-0.455212837402048
1974-01-01,0.0426270558008559,-0.4584131945959
1974-02-01,0.0388404557365606,-0.486103042886196
1974-03-01,0.0425509168786451,-0.493656322707071
1974-04-01,0.0471321651112004,-0.545542163225638
1974-05-01,0.0467453433669687,-0.544646158267541
1974-06-01,0.0473346670214673,-0.546168910308193
1974-07-01,0.0467460156463072,-0.45538007810473
1974-08-01,0.0525783351006811,-0.460739738899705
1974-09-01,0.052166617397453,-0.437691047438624
1974-10-01,0.0449921055394288,-0.555041167459981
1974-11-01,0.0447702055820608,-0.555047781990784
1974-12-01,0.0440358567139504,-0.622233841946034
1975-01-01,0.0450353721743584,-0.74472041595144
1975-02-01,0.0446787590914693,-0.667914358038329
1975-03-01,0.0448925483973455,-0.652217096985822
1975-04-01,0.04346994334042,-0.584583284489406
1975-05-01,0.0438585884602448,-0.584217309892817
1975-06-01,0.0406031804853349,-0.576331666063467
1975-07-01,0.0411316715485372,-0.587663176558582
1975-08-01,0.0373355880732346,-0.544447128441636
1975-09-01,0.0370488067597807,-0.549711835782227
1975-10-01,0.0357815084063327,-0.543040510488631
1975-11-01,0.036160238380277,-0.530360549824116
1975-12-01,0.0366922968688373,-0.540552178989144
1976-01-01,0.0383613147583432,-0.542344678685095
1976-02-01,0.0387005237074411,-0.537019281004995
1976-03-01,0.0380131366791743,-0.546940289090555
1976-04-01,0.0379517585843436,-0.55387795144379
1976-05-01,0.0356227361179527,-0.530230847203315
1976-06-01,0.0354880552369371,-0.516940517177777
1976-07-01,0.0371149477630092,-0.525335356626897
1976-08-01,0.037305320543869,-0.515269910899272
1976-09-01,0.0372678118723046,-0.515482575432485
1976-10-01,0.0351366397509643,-0.510161267383769
1976-11-01,0.0344938537283964,-0.500422175568996
1976-12-01,0.0371665470283847,-0.509072242824655
1977-01-01,0.03691127942333,-0.524396426990591
1977-02-01,0.035278708332288,-0.521300429948727
1977-03-01,0.0330586074033551,-0.532744648175723
1977-04-01,0.0329110880279304,-0.527515821511467
1977-05-01,0.037255451934395,-0.522176546607695
1977-06-01,0.0376230997733365,-0.515802093239824
1977-07-01,0.038031543354719,-0.50683889894037
1977-08-01,0.038690146457497,-0.526485129835415
1977-09-01,0.038508264687314,-0.532564464951365
1977-10-01,0.0388484478288904,-0.544203785850923
1977-11-01,0.0395121181502782,-0.546631032866
1977-12-01,0.0397419560385757,-0.550724393725259
1978-01-01,0.0396595778965884,-0.550390148145204
1978-02-01,0.0393858950907996,-0.547170953989912
1978-03-01,0.0394949889976826,-0.552476429496052
1978-04-01,0.03939112422549,-0.5505391710551
1978-05-01,0.0407572963948712,-0.55422434663353
1978-06-01,0.0404817773229777,-0.552532043461543
1978-07-01,0.0398707398857075,-0.58317244162048
1978-08-01,0.0406161991739212,-0.562160351873647
1978-09-01,0.0422888247414465,-0.580097528197924
1978-10-01,0.0434959253884969,-0.570852132719474
1978-11-01,0.0452336016827613,-0.591581579401599
1978-12-01,0.0449451919581688,-0.58772835565252
1979-01-01,0.0440492337214877,-0.587149524771934
1979-02-01,0.0431189639892183,-0.587597062092432
1979-03-01,0.0408136728595547,-0.593622294921244
1979-04-01,0.0398123535191841,-0.581016263837295
1979-05-01,0.0402020378700147,-0.585187401319001
1979-06-01,0.0401380829848601,-0.546975741785917
1979-07-01,0.0397840377560654,-0.54801255038089
1979-08-01,0.0408095679316464,-0.55198749573437
1979-09-01,0.0410088398166587,-0.522358264567695
1979-10-01,0.0385246938564786,-0.595085230275808
1979-11-01,0.0376113438983728,-0.705581255899546
1979-12-01,0.0342715044793995,-0.797320885283129
1980-01-01,0.0320528601785332,-0.748186005727827
1980-02-01,0.0353510657348855,-0.720863775415023
1980-03-01,0.0331341959634105,-0.797934727879265
1980-04-01,0.0320252945860561,-0.832542276718623
1980-05-01,0.0828501714688637,-1.28297706626975
1980-06-01,0.071966284276224,-1.37427880140386
1980-07-01,0.0719148595247528,-1.37572244985581
1980-08-01,0.0559578369109583,-1.37043199899907
1980-09-01,0.0537465425348792,-1.39089257207844
1980-10-01,0.052233847250966,-1.43828139303164
1980-11-01,0.050197581544486,-1.38909089847669
1980-12-01,0.0443742458373281,-1.3885129601873
1981-01-01,0.0517615495199406,-1.31532101846773
1981-02-01,0.0684060354966955,-1.35424692076618
1981-03-01,0.0671484721447398,-1.38505539328911
1981-04-01,0.0566647530754824,-1.47432295930636
1981-05-01,0.0416548027442751,-1.59954485674283
1981-06-01,0.0404839991432371,-1.57082288294851
1981-07-01,0.0409357548654551,-1.56942825756621
1981-08-01,0.0408887654160946,-1.43075771793082
1981-09-01,0.0437747750087128,-1.44871338252414
1981-10-01,0.0421576611958865,-1.42536985736562
1981-11-01,0.0450408730442796,-1.4433091000887
1981-12-01,0.0420263386405314,-1.43745558881505
1982-01-01,0.0353044163423729,-1.40261000138529
1982-02-01,0.0314643765022921,-1.37072789011862
1982-03-01,0.0306858443985484,-1.37585454286028
1982-04-01,0.026425842523013,-1.37692293143955
1982-05-01,0.0260680846007117,-1.38408846161869
1982-06-01,0.0249500576673787,-1.38586986442981
1982-07-01,0.0187798472896827,-1.40226412344076
1982-08-01,0.0211251980317079,-1.40256001645314
1982-09-01,0.0168647498835816,-1.44529108257784
1982-10-01,0.0165050765512676,-1.49070028377953
1982-11-01,0.0166643289423166,-1.49136433875818
1982-12-01,0.012819457114784,-1.47819067185664
1983-01-01,0.0140279003812876,-1.47395743381286
1983-02-01,0.0137455933308328,-1.40865930627912
1983-03-01,0.0146917908006242,-1.4191429562864
1983-04-01,0.0150418935128588,-1.41476955819848
1983-05-01,0.0153465720134633,-1.40949773757312
1983-06-01,0.00849291216553369,-1.43542005742435
1983-07-01,0.0126562470862405,-1.43219784667515
1983-08-01,0.00450113983622456,-1.34533947445371
1983-09-01,0.00450436378159782,-1.36923787473008
1983-10-01,0.00455666368058948,-1.351671150157
1983-11-01,0.00429159552351147,-1.30702843489518
1983-12-01,0.00580657279206874,-1.28545802913252
1984-01-01,0.00600261968027456,-1.27452848684801
1984-02-01,0.00427619918564226,-1.23354267358216
1984-03-01,0.00627218824445438,-1.23307480748337
1984-04-01,0.00498419510106046,-1.23356684503591
1984-05-01,0.00930506343495073,-1.26487177811175
1984-06-01,0.00119924330185111,-1.28043198154984
1984-07-01,0.00689300405525658,-1.27902614916022
1984-08-01,0.00944109372841337,-1.22710368087259
1984-09-01,0.0116650545851255,-1.22349541731133
1984-10-01,0.017867666889525,-1.1317935637595
1984-11-01,0.0180899264151018,-1.08617811048929
1984-12-01,0.0227135356655029,-1.09612120121713
1985-01-01,0.0218640997022376,-1.09256691112633
1985-02-01,0.0221372431239858,-1.16756278343905
1985-03-01,0.0215214113948283,-1.1561946933773
1985-04-01,0.0232973491585892,-1.19876638102288
1985-05-01,0.023882390274475,-1.20064259924588
1985-06-01,0.0283900663291002,-1.19091458128051
1985-07-01,0.0277635735899845,-1.16355649823447
1985-08-01,0.0325121842195715,-1.14370111528825
1985-09-01,0.0340490288126073,-1.10903858329981
1985-10-01,0.0350283581535351,-1.10869348977475
1985-11-01,0.0351983815896687,-1.10841238576406
1985-12-01,0.0345229312685916,-1.13072710444107
1986-01-01,0.0340116627882967,-1.14020184177612
1986-02-01,0.0354422282032228,-1.09812033788177
1986-03-01,0.0324823060433081,-1.07965520176362
1986-04-01,0.0371877419148283,-1.09437139058099
1986-05-01,0.0380184701476508,-1.07389810032846
1986-06-01,0.0375610848826468,-1.07764654692498
1986-07-01,0.0377496119104335,-1.07791394803463
1986-08-01,0.0407375679073683,-1.06813896017382
1986-09-01,0.0417229339790641,-1.05427044931811
1986-10-01,0.04120438592531,-1.04070002160835
1986-11-01,0.0419221946128553,-1.0302021980825
1986-12-01,0.0417871872829949,-1.05374784335868
1987-01-01,0.0464657481960903,-0.96069908746187
1987-02-01,0.0440369636688314,-0.975331248162849
1987-03-01,0.044303045064966,-0.976020735236035
1987-04-01,0.0423294030576325,-0.987999948124275
1987-05-01,0.0428074934218096,-0.970676801273853
1987-06-01,0.043997608794435,-0.981491885238803
1987-07-01,0.0436842725061431,-0.971637836150334
1987-08-01,0.0433790886449922,-0.975489495395286
1987-09-01,0.0442370796768534,-0.967171384467658
1987-10-01,0.0458551370361528,-0.95538739701303
1987-11-01,0.0459493463591826,-1.01097591148408
1987-12-01,0.0467588892874719,-1.00154050713743
1988-01-01,0.0466514609061243,-1.00343807730646
1988-02-01,0.046923994761696,-1.00433080898721
1988-03-01,0.0471355013668112,-1.00760333083819
1988-04-01,0.0487546396503299,-1.0043982376718
1988-05-01,0.0474648809119061,-0.986880466207
1988-06-01,0.0449999502416046,-0.97958240634536
1988-07-01,0.0446795588341281,-0.983033745057219
1988-08-01,0.0436358594149345,-0.991500691996848
1988-09-01,0.043446098622871,-0.972200864665067
1988-10-01,0.0439749552204501,-0.964810889831261
1988-11-01,0.0438876942660109,-0.96630131465692
1988-12-01,0.0443552608326934,-0.978540789567283
1989-01-01,0.0446715723585003,-0.977141616372358
1989-02-01,0.0455395195600978,-0.980831359012189
1989-03-01,0.044533212691788,-0.997447323750124
1989-04-01,0.046665286229989,-1.00388323116747
1989-05-01,0.047088134804108,-0.999081865998243
1989-06-01,0.0473307840004145,-0.994721713589918
1989-07-01,0.0461105256798013,-1.03010502046517
1989-08-01,0.0426136863743691,-0.974687099818665
1989-09-01,0.0444557153851137,-0.930748722408208
1989-10-01,0.0429264864271543,-0.892127890704014
1989-11-01,0.0424093268361603,-0.89284209053615
1989-12-01,0.037410943773428,-0.932173412721986
1990-01-01,0.0253954272276774,-0.895788420547316
1990-02-01,0.0248560754165486,-0.897221017813842
1990-03-01,0.028858629068851,-0.186642709803308
1990-04-01,0.0167612445802075,-0.3066441525654
1990-05-01,0.0151547543995926,-0.315794019397822
1990-06-01,0.0203210085079714,-0.35182288027987
1990-07-01,0.0120827031634542,-0.353124222296167
1990-08-01,0.00702756687566057,-0.322767912251103
1990-09-01,-0.00359818952077096,-0.394219452300622
1990-10-01,-0.0143986273839851,-0.47464329391914
1990-11-01,-0.0153731477423278,-0.503469067235677
1990-12-01,-0.0105573807222073,-0.410039585792532
1991-01-01,-0.0114467579467037,-0.397588926706917
1991-02-01,-0.0104912365442673,-0.323403355578488
1991-03-01,-0.00187549773848705,-0.112509181867193
1991-04-01,-0.0012562194111018,-0.146729710381702
1991-05-01,-0.00222529119067641,-0.136105243440052
1991-06-01,-0.000644234688333852,-0.190175669716261
1991-07-01,-0.00190756492449917,-0.231343039393109
1991-08-01,-0.00390835058161043,-0.217316068528061
1991-09-01,-0.0107668650701481,-0.23222943168417
1991-10-01,-0.0108149759517884,-0.232566698094844
1991-11-01,-0.00941124702056361,-0.273059768257315
1991-12-01,-0.00847646718182782,-0.332643227658386
1992-01-01,-0.00934459044199793,-0.331398732913
1992-02-01,-0.00394444278911297,-0.338504400011724
1992-03-01,-0.00461219611630383,-0.334752166855756
1992-04-01,-0.00960717701626673,-0.361337739293487
1992-05-01,0.00246719609121072,-0.270141979183063
1992-06-01,0.00517232277002846,-0.237441361167905
1992-07-01,0.00297048621315762,-0.192889514734925
1992-08-01,0.0013764393132569,-0.132534925276908
1992-09-01,0.00311612204751476,-0.102525240294752
1992-10-01,0.00329811142076357,-0.107916454959217
1992-11-01,0.00240732305475184,-0.101038085617957
1992-12-01,0.00264748564262196,-0.108839588052762
1993-01-01,0.00298349154646893,-0.133698703171429
1993-02-01,0.00280936454730081,-0.132066415072154
1993-03-01,0.0049814871885073,-0.118958017318939
1993-04-01,0.0048227304932283,-0.126013462785615
1993-05-01,0.00588124449446333,-0.160305690829844
1993-06-01,0.00574095972859419,-0.150394873577335
1993-07-01,0.00574974447812181,-0.146476687375636
1993-08-01,0.00567089643265942,-0.137852361790994
1993-09-01,0.00587104772843591,-0.146396459149836
1993-10-01,0.0063645556286179,-0.118461088025206
1993-11-01,0.00659228599241264,-0.111747086352015
1993-12-01,0.00595874180744002,-0.0989448741809276
1994-01-01,0.00464149497076316,-0.0732137241940419
1994-02-01,0.00435679263826967,-0.0849599765834196
1994-03-01,0.00398479915002342,-0.0881656494276364
1994-04-01,0.00741025444278831,0.0149455912843455
1994-05-01,0.00623423496321367,0.00989015364484384
1994-06-01,0.00384709723753186,-0.105889555179149
1994-07-01,0.00383737621056829,-0.107736648096523
1994-08-01,0.00374364900154138,-0.177450114575156
1994-09-01,0.00344540483489974,-0.178653493917813
1994-10-01,0.00222307652120143,-0.267634154256018
1994-11-01,-0.000769727276978505,-0.274012328729826
1994-12-01,-0.000171200982062488,-0.275489243074294
1995-01-01,-0.00140344243582978,-0.27262556737689
1995-02-01,-0.00127501285070763,-0.254130590523913
1995-03-01,-0.000746320917802932,-0.243399170877203
1995-04-01,-0.000791422266038042,-0.255662974147967
1995-05-01,-0.00282751647370412,-0.316927560839768
1995-06-01,-0.00197616836136148,-0.312384585229101
1995-07-01,-0.00120485146032006,-0.298089192117605
1995-08-01,-0.00033408279282731,-0.307313192755073
1995-09-01,-0.00101207167541331,-0.31571841892044
1995-10-01,-0.00167726956320793,-0.300856537326315
1995-11-01,-0.00185015229290168,-0.299285872447431
1995-12-01,-0.000594247427633671,-0.326928314648767
1996-01-01,-7.17585542205286e-05,-0.331237321347199
1996-02-01,-0.00834350328154574,-0.326275283027108
1996-03-01,-0.0071876779472923,-0.327938016448774
1996-04-01,-0.00815098424721278,-0.36134130628882
1996-05-01,-0.00816222124995243,-0.354937069518106
1996-06-01,-0.0100170795172454,-0.383788903594326
1996-07-01,-0.0106690377273156,-0.380846023187442
1996-08-01,-0.0108921303658038,-0.418035226020376
1996-09-01,-0.00892592661568921,-0.395946158283876
1996-10-01,-0.00430841663141425,-0.397128507982754
1996-11-01,-0.00580339105264301,-0.430089125508465
1996-12-01,-0.00518403347008256,-0.43789122037773
1997-01-01,-0.00534984150095098,-0.43226912178398
1997-02-01,-0.00527218881020753,-0.427492984740448
1997-03-01,-0.00652406703082789,-0.390288909217667
1997-04-01,-0.0075556387584291,-0.383425617640037
1997-05-01,-0.00638881736038352,-0.384242222272394
1997-06-01,-0.00531916228863209,-0.366320681189135
1997-07-01,-0.00709709392558569,-0.357584395051596
1997-08-01,-0.00718176347746682,-0.356093950575591
1997-09-01,-0.00978121236338864,-0.324609971909486
1997-10-01,-0.0112088844807001,-0.284702716875334
1997-11-01,-0.0112692286317372,-0.276478328329549
1997-12-01,-0.0106117849129939,-0.269738747598083
1998-01-01,-0.0102583574767503,-0.266600813347811
1998-02-01,-0.00980999985037985,-0.265873923994465
1998-03-01,-0.0101983356144641,-0.257980185156543
1998-04-01,-0.00779631349929564,-0.29785742517323
1998-05-01,-0.00809165847325322,-0.279718117551985
1998-06-01,-0.0081558113976922,-0.279139189784802
1998-07-01,-0.00788489097433719,-0.3023253533822
1998-08-01,-0.00798002739742975,-0.299698203306532
1998-09-01,-0.00764793572435111,-0.30076339399532
1998-10-01,-0.00563602238355688,-0.304718225769841
1998-11-01,-0.00530891597947831,-0.303679970799502
1998-12-01,-0.00498742382924998,-0.311212577343366
1999-01-01,-0.00280291338964887,-0.268984731633475
1999-02-01,-0.00261753915227236,-0.276956100956721
1999-03-01,-0.00419583614708771,-0.28883967861427
1999-04-01,-0.00422492663857935,-0.286169991036527
1999-05-01,-0.00363722333885652,-0.284136102585111
1999-06-01,-0.00299875384054666,-0.283356047285356
1999-07-01,-0.000760497076943953,-0.259232345744459
1999-08-01,-0.000944567478996815,-0.260167218123299
1999-09-01,-0.000637592323623182,-0.26461210201205
1999-10-01,-0.00156048063597218,-0.265937366049808
1999-11-01,-0.00183632580057436,-0.27375446940692
1999-12-01,-0.00669924501460656,-0.265197124907196
2000-01-01,-0.00607059871359638,-0.26648288249408
2000-02-01,-0.00557866285723395,-0.25766442933981
2000-03-01,-0.00498631997239456,-0.26093473641885
2000-04-01,-0.00201963996193863,-0.256571947175343
2000-05-01,-0.00223047006090836,-0.266917109612097
2000-06-01,-0.00283341152793495,-0.25698642254923
2000-07-01,-0.00902429418506913,-0.261285330706672
2000-08-01,-0.0105287361835433,-0.267537961745942
2000-09-01,-0.0103343397279035,-0.267843777625993
2000-10-01,-0.0107329095339205,-0.249129654763932
2000-11-01,-0.0105193667186092,-0.249699842526295
2000-12-01,-0.00803008255672935,-0.248752535277649
2001-01-01,-0.00743830220237073,-0.261880072552868
2001-02-01,-0.0105929003725135,-0.287367579130187
2001-03-01,-0.0106035772306862,-0.282770828559176
2001-04-01,-0.00874564756996315,-0.341916454294654
2001-05-01,-0.00813675172542149,-0.352318123128882
2001-06-01,-0.00844266873987271,-0.355421199261103
2001-07-01,-0.00838053927515074,-0.368841272867737
2001-08-01,-0.00718944007982526,-0.374725315870143
2001-09-01,-0.00533945045803949,-0.417872984937447
2001-10-01,-0.00601703122632578,-0.419993919681994
2001-11-01,-0.0048788912115995,-0.40916344498218
2001-12-01,-0.00428075782101521,-0.407804071138325
2002-01-01,-0.00499167691690097,-0.399812484188466
2002-02-01,-0.00412777578622514,-0.396830589824753
2002-03-01,-0.00408414048973192,-0.401075471317917
2002-04-01,-0.0040885085220387,-0.399414475355175
2002-05-01,-0.00338397977469987,-0.336746379996329
2002-06-01,-0.00386087108185095,-0.323935758460829
2002-07-01,-0.00385627060218963,-0.322360339112584
2002-08-01,-0.00382774119033044,-0.318752731565578
2002-09-01,-0.00364350640691572,-0.321996132855201
2002-10-01,-0.00328020606079348,-0.301965224754028
2002-11-01,-0.00388051161724768,-0.30129868095261
2002-12-01,-0.00336623336649829,-0.291525767326148
2003-01-01,-0.00328729140113579,-0.294268823326849
2003-02-01,-0.00400540729342163,-0.292259300149754
2003-03-01,-0.00485693305334908,-0.301871103998549
2003-04-01,-0.00469321221723317,-0.300422781274173
2003-05-01,-0.00483355491035613,-0.301468672170615
2003-06-01,-0.00532925575750764,-0.302435952420594
2003-07-01,-0.00535451333570788,-0.308106353864397
2003-08-01,-0.00517260002570737,-0.319809906715386
2003-09-01,-0.00642047513015109,-0.322351713227523
2003-10-01,-0.00628888724487707,-0.335324070020506
2003-11-01,-0.00550744304145986,-0.328098544531402
2003-12-01,-0.0047175835884352,-0.334568788895261
2004-01-01,-0.00464451953238394,-0.336294229806924
2004-02-01,-0.00481453633536042,-0.335453682281484
2004-03-01,-0.00374348249939097,-0.33163117727061
2004-04-01,-0.00370560176638081,-0.330863430889126
2004-05-01,-0.00354442639510374,-0.319374548545718
2004-06-01,-0.00382887822336143,-0.326103950857672
2004-07-01,-0.00361194009097492,-0.325151128453451
2004-08-01,-0.00376627893726061,-0.323931696153547
2004-09-01,-0.0023660970871795,-0.316989244964559
2004-10-01,-0.00196043506407413,-0.323413882433159
2004-11-01,-0.00123005252209279,-0.31790316584331
2004-12-01,-0.00149784030853553,-0.350274758170289
2005-01-01,-0.00107706821442583,-0.361086670143165
2005-02-01,-0.00177995825883512,-0.370473803604184
2005-03-01,-0.00182078196417353,-0.394970440230471
2005-04-01,-0.00190695780902781,-0.395898855788976
2005-05-01,-0.00175717893160407,-0.390129817580637
2005-06-01,-0.000811200303174049,-0.388992763512796
2005-07-01,-0.00136482441140533,-0.409033985696637
2005-08-01,-0.000228261596085886,-0.408664790279065
2005-09-01,-0.00102777344424081,-0.405368925649083
2005-10-01,0.000345537966083603,-0.383098913883276
2005-11-01,0.000493342390712382,-0.388594464411585
2005-12-01,0.00137085305246529,-0.374297948446988
2006-01-01,0.00131240310741668,-0.374490880876312
2006-02-01,0.0019631756409273,-0.374704638305533
2006-03-01,0.00158892024401239,-0.388830603505798
2006-04-01,0.00150175573601627,-0.397263054029152
2006-05-01,0.00163206432209406,-0.392931087045575
2006-06-01,0.00167926001116486,-0.362382182268497
2006-07-01,0.00173440064448154,-0.343196723456896
2006-08-01,0.00138298286332317,-0.348713932853482
2006-09-01,0.00108973738984971,-0.354732986036923
2006-10-01,0.00156644005184569,-0.355186604086559
2006-11-01,0.00128606010448747,-0.358911940037823
2006-12-01,0.00129602504164919,-0.353912617816764
2007-01-01,0.00100336457869728,-0.356373899899798
2007-02-01,0.000956546435673231,-0.351870924809914
2007-03-01,0.00089365330019196,-0.349524243030682
2007-04-01,0.000852368309490996,-0.343991732773955
2007-05-01,0.000845236048639352,-0.344273718505244
2007-06-01,0.000815997015763539,-0.344084167841407
2007-07-01,0.000775223735993313,-0.33321746710225
2007-08-01,0.000758627495442405,-0.356069153653742
2007-09-01,0.000630860360977398,-0.358129523549189
2007-10-01,0.000435333948282806,-0.36244558481919
2007-11-01,0.000494080750603539,-0.379393692001301
2007-12-01,6.64708735783887e-05,-0.379199490818021
2008-01-01,0.000234694303985501,-0.389043191298309
2008-02-01,-0.00076625413145672,-0.391860883680594
2008-03-01,-0.000587775673878814,-0.427281954627119
2008-04-01,-0.000719177398239918,-0.439504866158639
2008-05-01,-0.000650931176179591,-0.419650606662816
2008-06-01,0.000432900570740231,-0.370928706486944
2008-07-01,0.000557392504985699,-0.370584814855411
2008-08-01,8.93904024065754e-05,-0.34225048948243
2008-09-01,0.000368331855821887,-0.350747565638501
2008-10-01,0.000239569014123198,-0.37138728580115
2008-11-01,-0.00139578766839233,-0.33795499411355
2008-12-01,-0.00486155665122184,-0.294019053048588
2009-01-01,-0.00460099930005633,-0.214756503695626
2009-02-01,-0.00310975508000919,-0.168877120223351
2009-03-01,-0.00301213060995258,-0.150130275576463
2009-04-01,-0.00308257235107065,-0.140159798892766
2009-05-01,-0.00234389446749304,-0.154157091183271
2009-06-01,-0.00217664493120044,-0.151425016871798
2009-07-01,-0.00223189182887761,-0.145156305966951
2009-08-01,-0.00227608990671677,-0.147508745951187
2009-09-01,-0.0019783944830798,-0.139311374143141
2009-10-01,-0.00222303353241788,-0.134968976358799
2009-11-01,-0.00221127834879806,-0.123202719053056
2009-12-01,-0.00217921602844525,-0.125311066002446
2010-01-01,-0.00215523360132528,-0.123420618735976
2010-02-01,-0.00235060873251231,-0.121761879790338
2010-03-01,-0.00175214748229631,-0.113384343314554
2010-04-01,-0.00164466231632179,-0.130705917083186
2010-05-01,-0.00149520312166929,-0.126786849959703
2010-06-01,-0.00140129096674689,-0.11822064958622
2010-07-01,-0.00108212775568531,-0.122814562601094
2010-08-01,-0.00117376683018579,-0.120012614924486
2010-09-01,-0.00100542757749389,-0.121140910188453
2010-10-01,-0.00102166814381862,-0.120980521509831
2010-11-01,-0.00108390035040965,-0.120997073937306
2010-12-01,-0.000750732516769121,-0.108323963944026
2011-01-01,-0.000807597853212355,-0.0949496274101469
2011-02-01,-0.00117400237822085,-0.0863964547220737
2011-03-01,-0.000951559052926813,-0.0859871071442452
2011-04-01,-0.00172307272416919,-0.0720075819402018
2011-05-01,-0.00168202870733402,-0.0714636110477261
2011-06-01,-0.00158559598045355,-0.0719321154543224
2011-07-01,-0.00164264270768891,-0.0374930613743841
2011-08-01,-0.000935209689460775,-0.0424978892628142
2011-09-01,-0.000950930588155104,-0.0424384943695247
2011-10-01,-0.000943318920065802,-0.0423460443528374
2011-11-01,-0.000927904516962849,-0.0453118074206884
2011-12-01,-0.000985058774928806,-0.0418626231623522
2012-01-01,-0.00100059962623197,-0.04250636496214
2012-02-01,-0.00101507935801555,-0.0421144934469805
2012-03-01,-0.000999215896327049,-0.0416024192774862
2012-04-01,-0.00101189546863017,-0.0411826419348748
2012-05-01,-0.00104333736693052,-0.0416491998304951
2012-06-01,-0.000972399086614174,-0.0412640940295458
2012-07-01,-0.000956127293164535,-0.0413891058735213
2012-08-01,-0.000954085320893165,-0.0410528609799628
2012-09-01,-0.000794692059614486,-0.047440992340435
2012-10-01,-0.000994209765135413,-0.0513428934227498
2012-11-01,-0.000999422471900269,-0.0519356500803659
2012-12-01,-0.000927269975186877,-0.051628730773064
2013-01-01,-0.000860055745076738,-0.052445584319863
2013-02-01,-0.000842192642760495,-0.0521694471839593
2013-03-01,-0.00106632115487936,-0.0481689052312749
2013-04-01,-0.00110875269292799,-0.0473754154795716
2013-05-01,-0.0008674788559786,-0.0404016812287455
2013-06-01,-0.00117806568120254,-0.0316514903804381
2013-07-01,-0.00111104161914288,-0.0334392143458392
2013-08-01,-0.00111260343604278,-0.0312695989277211
2013-09-01,-0.00121728907216926,-0.0320433077707945
2013-10-01,-0.00120557125049253,-0.0360414505716403
2013-11-01,-0.00118542813069955,-0.0354075419148536
2013-12-01,-0.00114910775511471,-0.0338007144186289
2014-01-01,-0.00121294759160621,-0.0314091947541572
2014-02-01,-0.00121483137152769,-0.0300582266465075
2014-03-01,-0.0012133970359388,-0.0327523402070732
2014-04-01,-0.00123388991616264,-0.0323802997430624
2014-05-01,-0.00138185472321151,-0.0249001269812657
2014-06-01,-0.00141161983391565,-0.0253917197807047
2014-07-01,-0.00134346594238583,-0.0216785066321832
2014-08-01,-0.00134715587418941,-0.0219232825115611
2014-09-01,-0.00143333731451279,-0.0231185660700884
2014-10-01,-0.00148663165541495,-0.0197960869621843
2014-11-01,-0.00159262938895472,-0.0178848367117752
2014-12-01,-0.00137293251773693,-0.0144595186200231
2015-01-01,-0.00120019030475948,-0.0105008561267218
2015-02-01,-0.00112423572699612,-0.00735134470964827
2015-03-01,-0.00118847204125383,-0.00723145512110377
2015-04-01,-0.00147370520718759,-0.00887837867732879
2015-05-01,-0.00133715747726628,-0.00322643075999506
2015-06-01,-0.0016088305356516,-0.00370008193022529
2015-07-01,-0.00160253087675855,-0.0036846851127103
2015-08-01,-0.00264378495451467,-0.0100520920892085
2015-09-01,-0.00178159741061806,-0.0135569851871786
2015-10-01,-0.00151319440528054,-0.0131250562507419
2015-11-01,-0.00148531407412837,-0.0122278336906371
2015-12-01,-0.00192340146025327,-0.000892755563718442
2016-01-01,-0.00189478676009942,-0.001693245245639
2016-02-01,-0.00167238865768742,0.00446376444414662
2016-03-01,-0.00170252088572541,0.00241434492486903
2016-04-01,-0.0015688021026695,0.00348751727299206
2016-05-01,-0.0012310797926277,0.0044288478150085
2016-06-01,-0.0011810546852901,0.00511535093591554
2016-07-01,-0.00114977118139943,0.00534815734338469
2016-08-01,-0.000389794200845122,0.00991351330200546
2016-09-01,3.98641951355155e-06,0.0138008001597715
2016-10-01,8.26749288820667e-05,0.014380794695203
2016-11-01,-0.000151914170309179,0.0193460314967056
2016-12-01,0.00029162460913042,0.00893100444712388
2017-01-01,0.000391712082965109,0.0148318567852451
2017-02-01,0.000338899720740146,0.0199418184064389
2017-03-01,0.000743240313663955,0.016738284522896
2017-04-01,0.000833223454493343,0.0241083266036182
2017-05-01,0.00183863910360945,0.0171328811609867
2017-06-01,0.00154058312699741,0.01769762742337
2017-07-01,0.00308304013706349,0.038530688186689
2017-08-01,0.00345574519151545,0.0428915293905524
2017-09-01,0.00436969566962376,0.0524213715539875
2017-10-01,0.00391987986988819,0.0673146488998326
2017-11-01,0.00486834013401118,0.0596700894044171
2017-12-01,0.003372599845968,0.022918635736053
2018-01-01,0.00121895651300979,0.0536600077343902
2018-02-01,0.0011817721694898,0.0541937852907701
2018-03-01,0.00105235531720251,0.0581519758178499
2018-04-01,-0.0023711239396589,0.0415480662878025
2018-05-01,-0.00351405466380444,0.0376766699544784
2018-06-01,-0.00372315322329839,0.0156562922004424
2018-07-01,-0.00467198419525491,0.0296970982111243
2018-08-01,-0.00136390746802199,-0.00764167638286584
2018-09-01,-9.93481109084386e-05,-0.00323156337223916
2018-10-01,-0.00179454151090037,-0.00989218120983484
2018-11-01,-0.00189441193488957,-0.0132507830885443
2018-12-01,-0.00225023933412713,-0.0246191451821777
2019-01-01,-0.00216771645909355,-0.0177670589652036
2019-02-01,-0.00189185906801189,-0.0145227110993118
2019-03-01,-0.00210977322955627,-0.0134049125209626
2019-04-01,-0.00225915768713359,-0.0207728461086652
2019-05-01,-0.00201520729945121,-0.0156775256157289
2019-06-01,-0.00161985084136952,-0.0132453106096115
2019-07-01,-0.00153689482581325,-0.0137014303394326
2019-08-01,-0.00232072337987949,-0.0246809601603751
2019-09-01,-0.00225670012623049,-0.0270808553185826
2019-10-01,-0.002274878427923,-0.021575352027818
2019-11-01,-0.00276772492729425,-0.0336828394959582
2019-12-01,-0.00259663975223623,-0.0302924181728164
2020-01-01,-0.00245569617007042,-0.0313363012765904
2020-02-01,-0.00239267429388676,-0.0350496073995026
2020-03-01,0.000189188001833325,-0.00296412121819901
2020-04-01,0.00101771613309865,-0.029517000392541
2020-05-01,0.00145127149963999,0.0340348707928585
2020-06-01,0.00103322447919788,0.0311451989275948
2020-07-01,0.00119460636881046,0.0305119852755638
2020-08-01,0.00119283263942966,0.0305729768754988
2020-09-01,0.00119900192658385,0.0304268561067177
2020-10-01,0.00119333918008863,0.0309171428316208
2020-11-01,0.00118504824879243,0.0308165827428027
2020-12-01,0.00118771848996037,0.0309444878015217
2021-01-01,0.00113515936342268,0.0310905063701294
2021-02-01,0.00147295067372862,0.0316632330228327
2021-03-01,0.00150869181483717,0.0319251625836269
2021-04-01,0.00143350370581731,0.0320529697669592
2021-05-01,0.000933387680265911,0.0320622520179962
2021-06-01,0.00091208204773063,0.0319786223772181
2021-07-01,0.000777403240294694,0.0323448999316547
2021-08-01,0.000775257114562665,0.0325131654386553
2021-09-01,0.000772405274391863,0.0325488381579484
2021-10-01,0.000827465636948043,0.0326150464497701
2021-11-01,0.000694553188224631,0.0325838599239027
2021-12-01,0.000628335755315947,0.0325439161302939
2022-01-01,0.000592317757503101,0.0325597802029751
2022-02-01,0.000538265236887456,0.0326902225790187
2022-03-01,0.00105952925902624,0.032777294530647
2022-04-01,0.00131050507418342,0.0332484592332246
2022-05-01,-0.000988623730312109,0.0353827251557075
2022-06-01,0.000339403792922556,0.038598024198188
2022-07-01,0.00104330413323292,0.0416599642238401
2022-08-01,-0.00206355094239461,0.0453818251792076
2022-09-01,-0.00166604701292906,0.0429400535501612
2022-10-01,-0.00043723367132247,0.0455877792559951
2022-11-01,0.000109532340884535,0.0509252310757342
2022-12-01,0.000866641842419171,0.0467310917282608
2023-01-01,0.0010240075721202,0.0470194126391222
2023-02-01,0.00126364517609021,0.0476895223925557
2023-03-01,0.00119346339130625,0.0466246769597811
2023-04-01,0.00105026695240785,0.0466571181002355
2023-05-01,0.0013393271332736,0.0469660429603088
2023-06-01,0.00149562082474666,0.0460430997415539
2023-07-01,0.0015419479492343,0.0461103340648492
2023-08-01,0.00157483800404918,0.0460533213856625
2023-09-01,0.000832271782195472,0.0447866801945309
2023-10-01,0.00078697018195043,0.0447156302382701
2023-11-01,0.000854441906378306,0.0447554479938919
2023-12-01,0.000853258364294027,0.0447489675065443
2024-01-01,0.000809301750128083,0.0448268856293793
2024-02-01,0.000815873028348389,0.0448736071168152
2024-03-01,0.000746183266380203,0.0447553886337131
2024-04-01,0.000696185585516294,0.0447466265161705
2024-05-01,0.000687281465352373,0.0447162953272181
2024-06-01,0.000673622263285759,0.0447363382901927
2024-07-01,0.000630684624276494,0.0447147442281911
2024-08-01,0.000670487103183971,0.0447417577023084
2024-09-01,0.000707620831442223,0.0447848642995404
2024-10-01,0.000644915850435867,0.0454629092115404
2024-11-01,0.000708783655970591,0.0453015891580867
2024-12-01,0.0010445262483177,0.0457082991652805
2025-01-01,0.00054468782893274,0.0461568688628884
2025-02-01,0.00083105268971848,0.0460666822581293
2025-03-01,0.000783197326100557,0.0459424625410236
2025-04-01,0.000780544659969968,0.0459474377232582
2025-05-01,0.000779112905429664,0.0458550477872829
2025-06-01,0.000751964681047785,0.0458296518782186
2025-07-01,0.000744896748357909,0.0457245396001843
2025-08-01,0.000710818895287668,0.045655304564687
2025-09-01,0.000444835578325464,0.0457004426164671
2025-12-01,0.000261067038648193,0.0454277385756092
2026-01-01,0.000950429461824862,0.0438475765087278
2026-02-01,0.000891467260127896,0.0437538381193598
2026-03-01,0.000748880071931208,0.0435368861219984
